<?xml version="1.0" encoding="UTF-8"?>
<!DOCTYPE jboss PUBLIC "-//JBoss//DTD JBOSS//EN" "http://www.jboss.org/j2ee/dtd/jboss.dtd">

<jboss>

   <enterprise-beans>
      <session>
         <ejb-name>Calculadora</ejb-name>
         <jndi-name>ejb/aula3/calculadora</jndi-name>
      </session>
      <session>
         <ejb-name>CarrinhoCompras</ejb-name>
         <jndi-name>ejb/aula3/carrinhoCompras</jndi-name>
      </session>
      <session>
         <ejb-name>CarrinhoCompras1</ejb-name>
         <jndi-name>ejb/aula3/carrinhoCompras1</jndi-name>
      </session>
   </enterprise-beans>

   <resource-managers>
   </resource-managers>
</jboss>
