<?xml version="1.0" encoding="UTF-8"?>
<ejb-jar xmlns:xsi="http://www.w3.org/2001/XMLSchema-instance" xmlns="http://java.sun.com/xml/ns/j2ee" xmlns:ejb="http://java.sun.com/xml/ns/javaee/ejb-jar_3_0.xsd" xmlns:javaee="http://java.sun.com/xml/ns/javaee" xsi:schemaLocation="http://java.sun.com/xml/ns/j2ee http://java.sun.com/xml/ns/j2ee/ejb-jar_2_1.xsd" version="2.1">
  <javaee:description>JMS com Message-Driven Bean</javaee:description>
  <javaee:display-name>ejb-jar.xml</javaee:display-name>
  <enterprise-beans>
    <message-driven>
      <javaee:description>Process Message MDB</javaee:description>
      <javaee:display-name>ProcessMessageMDB</javaee:display-name>
      <ejb-name>ProcessMessageBean</ejb-name>
      <ejb-class>br.com.fiap.ProcessMessageBean</ejb-class>
      <messaging-type>javax.jms.MessageListener</messaging-type>
      <transaction-type>Container</transaction-type>
      <message-destination-type>javax.jms.Queue</message-destination-type>
      <activation-config>
        <activation-config-property>
          <activation-config-property-name>destinationType</activation-config-property-name>
          <activation-config-property-value>javax.jms.Queue</activation-config-property-value>
        </activation-config-property>
        <activation-config-property>
          <activation-config-property-name>acknowledgeMode</activation-config-property-name>
          <activation-config-property-value>Auto-acknowledge</activation-config-property-value>
        </activation-config-property>
        <activation-config-property>
          <activation-config-property-name>subscriptionDurability</activation-config-property-name>
          <activation-config-property-value>NonDurable</activation-config-property-value>
        </activation-config-property>
      </activation-config>
    </message-driven>
  </enterprise-beans>
  <assembly-descriptor/>
</ejb-jar>