<?xml version="1.0" encoding="UTF-8"?>
<!DOCTYPE ejb-jar PUBLIC "-//Sun Microsystems, Inc.//DTD Enterprise JavaBeans 2.0//EN" "http://java.sun.com/dtd/ejb-jar_2_0.dtd">

<ejb-jar >

   <description><![CDATA[Sem Descri��o.]]></description>
   <display-name>Gerado pelo XDoclet</display-name>

   <enterprise-beans>

      <!-- Session Beans -->
      <session >
         <description><![CDATA[SBSF GerenciadorCurso]]></description>

         <ejb-name>GerenciadorCurso</ejb-name>

         <home>br.com.fiap.ejb.cmp.escola.GerenciadorCursoHome</home>
         <remote>br.com.fiap.ejb.cmp.escola.GerenciadorCurso</remote>
         <ejb-class>br.com.fiap.ejb.cmp.escola.GerenciadorCursoBean</ejb-class>
         <session-type>Stateless</session-type>
         <transaction-type>Container</transaction-type>

         <ejb-local-ref >
            <ejb-ref-name>Estudante</ejb-ref-name>
            <ejb-ref-type>Entity</ejb-ref-type>
            <local-home>br.com.fiap.ejb.cmp.escola.EstudanteLocalHome</local-home>
            <local>br.com.fiap.ejb.cmp.escola.EstudanteLocal</local>
            <ejb-link>Estudante</ejb-link>
         </ejb-local-ref>
         <ejb-local-ref >
            <ejb-ref-name>Professor</ejb-ref-name>
            <ejb-ref-type>Entity</ejb-ref-type>
            <local-home>br.com.fiap.ejb.cmp.escola.ProfessorLocalHome</local-home>
            <local>br.com.fiap.ejb.cmp.escola.ProfessorLocal</local>
            <ejb-link>Professor</ejb-link>
         </ejb-local-ref>
         <ejb-local-ref >
            <ejb-ref-name>Curso</ejb-ref-name>
            <ejb-ref-type>Entity</ejb-ref-type>
            <local-home>br.com.fiap.ejb.cmp.escola.CursoLocalHome</local-home>
            <local>br.com.fiap.ejb.cmp.escola.CursoLocal</local>
            <ejb-link>Curso</ejb-link>
         </ejb-local-ref>

      </session>

     <!--
       To add session beans that you have deployment descriptor info for, add
       a file to your XDoclet merge directory called session-beans.xml that contains
       the <session></session> markup for those beans.
     -->

      <!-- Entity Beans -->
      <entity >
         <description><![CDATA[Entity Bean CMP Curso]]></description>
         <display-name>Curso</display-name>

         <ejb-name>Curso</ejb-name>

         <local-home>br.com.fiap.ejb.cmp.escola.CursoLocalHome</local-home>
         <local>br.com.fiap.ejb.cmp.escola.CursoLocal</local>

         <ejb-class>br.com.fiap.ejb.cmp.escola.CursoCMP</ejb-class>
         <persistence-type>Container</persistence-type>
         <prim-key-class>br.com.fiap.ejb.cmp.escola.CursoPK</prim-key-class>
         <reentrant>False</reentrant>
         <cmp-version>2.x</cmp-version>
         <abstract-schema-name>Curso</abstract-schema-name>
         <cmp-field >
            <description><![CDATA[Retorna o nome deste curso.]]></description>
            <field-name>nome</field-name>
         </cmp-field>

         <ejb-local-ref >
            <ejb-ref-name>Estudante</ejb-ref-name>
            <ejb-ref-type>Entity</ejb-ref-type>
            <local-home>br.com.fiap.ejb.cmp.escola.EstudanteLocalHome</local-home>
            <local>br.com.fiap.ejb.cmp.escola.EstudanteLocal</local>
            <ejb-link>Estudante</ejb-link>
         </ejb-local-ref>
         <ejb-local-ref >
            <ejb-ref-name>Professor</ejb-ref-name>
            <ejb-ref-type>Entity</ejb-ref-type>
            <local-home>br.com.fiap.ejb.cmp.escola.ProfessorLocalHome</local-home>
            <local>br.com.fiap.ejb.cmp.escola.ProfessorLocal</local>
            <ejb-link>Professor</ejb-link>
         </ejb-local-ref>

         <resource-ref >
            <res-ref-name>jdbc/DefaultDS</res-ref-name>
            <res-type>javax.sql.DataSource</res-type>
            <res-auth>Container</res-auth>
         </resource-ref>

         <query>
            <query-method>
               <method-name>findCursosDadoNomeProfessor</method-name>
               <method-params>
                  <method-param>java.lang.String</method-param>
               </method-params>
            </query-method>
            <result-type-mapping>Local</result-type-mapping>
            <ejb-ql><![CDATA[SELECT DISTINCT OBJECT(c) FROM Curso as c WHERE c.professor.nome = ?1]]></ejb-ql>
         </query>
	  <!-- Write a file named ejb-finders-CursoBean.xml if you want to define extra finders. -->
      </entity>

      <entity >
         <description><![CDATA[]]></description>
         <display-name>Produto</display-name>

         <ejb-name>Produto</ejb-name>

         <home>br.com.fiap.ejb.cmp.produto.ProdutoHome</home>
         <remote>br.com.fiap.ejb.cmp.produto.Produto</remote>

         <ejb-class>br.com.fiap.ejb.cmp.produto.ProdutoCMP</ejb-class>
         <persistence-type>Container</persistence-type>
         <prim-key-class>java.lang.Long</prim-key-class>
         <reentrant>False</reentrant>
         <cmp-version>2.x</cmp-version>
         <abstract-schema-name>Produto</abstract-schema-name>
         <cmp-field >
            <description><![CDATA[]]></description>
            <field-name>id</field-name>
         </cmp-field>
         <cmp-field >
            <description><![CDATA[]]></description>
            <field-name>nome</field-name>
         </cmp-field>
         <cmp-field >
            <description><![CDATA[]]></description>
            <field-name>preco</field-name>
         </cmp-field>
         <cmp-field >
            <description><![CDATA[]]></description>
            <field-name>descricao</field-name>
         </cmp-field>
         <primkey-field>id</primkey-field>

	  <!-- Write a file named ejb-finders-ProdutoBean.xml if you want to define extra finders. -->
      </entity>

      <entity >
         <description><![CDATA[Entity Bean CMP Professor]]></description>
         <display-name>Professor</display-name>

         <ejb-name>Professor</ejb-name>

         <local-home>br.com.fiap.ejb.cmp.escola.ProfessorLocalHome</local-home>
         <local>br.com.fiap.ejb.cmp.escola.ProfessorLocal</local>

         <ejb-class>br.com.fiap.ejb.cmp.escola.ProfessorCMP</ejb-class>
         <persistence-type>Container</persistence-type>
         <prim-key-class>br.com.fiap.ejb.cmp.escola.ProfessorPK</prim-key-class>
         <reentrant>False</reentrant>
         <cmp-version>2.x</cmp-version>
         <abstract-schema-name>Professor</abstract-schema-name>
         <cmp-field >
            <description><![CDATA[Retorna o nome do professor.]]></description>
            <field-name>nome</field-name>
         </cmp-field>

         <ejb-local-ref >
            <ejb-ref-name>Curso</ejb-ref-name>
            <ejb-ref-type>Entity</ejb-ref-type>
            <local-home>br.com.fiap.ejb.cmp.escola.CursoLocalHome</local-home>
            <local>br.com.fiap.ejb.cmp.escola.CursoLocal</local>
            <ejb-link>Curso</ejb-link>
         </ejb-local-ref>

         <resource-ref >
            <res-ref-name>jdbc/DefaultDS</res-ref-name>
            <res-type>javax.sql.DataSource</res-type>
            <res-auth>Container</res-auth>
         </resource-ref>

	  <!-- Write a file named ejb-finders-ProfessorBean.xml if you want to define extra finders. -->
      </entity>

      <entity >
         <description><![CDATA[Entity Bean CMP Estudante]]></description>
         <display-name>Estudante</display-name>

         <ejb-name>Estudante</ejb-name>

         <local-home>br.com.fiap.ejb.cmp.escola.EstudanteLocalHome</local-home>
         <local>br.com.fiap.ejb.cmp.escola.EstudanteLocal</local>

         <ejb-class>br.com.fiap.ejb.cmp.escola.EstudanteCMP</ejb-class>
         <persistence-type>Container</persistence-type>
         <prim-key-class>br.com.fiap.ejb.cmp.escola.EstudantePK</prim-key-class>
         <reentrant>False</reentrant>
         <cmp-version>2.x</cmp-version>
         <abstract-schema-name>Estudante</abstract-schema-name>
         <cmp-field >
            <description><![CDATA[Retorna o nome deste Estudante.]]></description>
            <field-name>nome</field-name>
         </cmp-field>

         <ejb-local-ref >
            <ejb-ref-name>Curso</ejb-ref-name>
            <ejb-ref-type>Entity</ejb-ref-type>
            <local-home>br.com.fiap.ejb.cmp.escola.CursoLocalHome</local-home>
            <local>br.com.fiap.ejb.cmp.escola.CursoLocal</local>
            <ejb-link>Curso</ejb-link>
         </ejb-local-ref>

         <resource-ref >
            <res-ref-name>jdbc/DefaultDS</res-ref-name>
            <res-type>javax.sql.DataSource</res-type>
            <res-auth>Container</res-auth>
         </resource-ref>

         <query>
            <description><![CDATA[]]></description>
            <query-method>
               <method-name>ejbSelectNomeProfessoresDadoEstudante</method-name>
               <method-params>
                  <method-param>java.lang.String</method-param>
               </method-params>
            </query-method>
            <ejb-ql><![CDATA[SELECT p.nome FROM Professor AS p, IN (p.cursos) AS c, IN (c.estudantes) AS e WHERE e.nome = ?1]]></ejb-ql>
         </query>
	  <!-- Write a file named ejb-finders-EstudanteBean.xml if you want to define extra finders. -->
      </entity>

     <!--
       To add entity beans that you have deployment descriptor info for, add
       a file to your XDoclet merge directory called entity-beans.xml that contains
       the <entity></entity> markup for those beans.
     -->

      <!-- Message Driven Beans -->
     <!--
       To add message driven beans that you have deployment descriptor info for, add
       a file to your XDoclet merge directory called message-driven-beans.xml that contains
       the <message-driven></message-driven> markup for those beans.
     -->

   </enterprise-beans>

   <!-- Relationships -->
   <relationships >
      <ejb-relation >
         <ejb-relation-name>curso-estudante</ejb-relation-name>

         <ejb-relationship-role >
            <ejb-relationship-role-name>curso-tem-estudantes</ejb-relationship-role-name>
            <multiplicity>Many</multiplicity>
            <relationship-role-source >
               <ejb-name>Curso</ejb-name>
            </relationship-role-source>
            <cmr-field >
               <cmr-field-name>estudantes</cmr-field-name>
               <cmr-field-type>java.util.Collection</cmr-field-type>
            </cmr-field>
         </ejb-relationship-role>

         <ejb-relationship-role >
            <ejb-relationship-role-name>estudante-tem-cursos</ejb-relationship-role-name>
            <multiplicity>Many</multiplicity>
            <relationship-role-source >
               <ejb-name>Estudante</ejb-name>
            </relationship-role-source>
            <cmr-field >
               <cmr-field-name>cursos</cmr-field-name>
               <cmr-field-type>java.util.Collection</cmr-field-type>
            </cmr-field>
         </ejb-relationship-role>

      </ejb-relation>
      <ejb-relation >
         <ejb-relation-name>professor-cursos</ejb-relation-name>

         <ejb-relationship-role >
            <ejb-relationship-role-name>curso-tem-professor</ejb-relationship-role-name>
            <multiplicity>Many</multiplicity>
            <relationship-role-source >
               <ejb-name>Curso</ejb-name>
            </relationship-role-source>
            <cmr-field >
               <cmr-field-name>professor</cmr-field-name>
            </cmr-field>
         </ejb-relationship-role>

         <ejb-relationship-role >
            <ejb-relationship-role-name>professor-tem-cursos</ejb-relationship-role-name>
            <multiplicity>One</multiplicity>
            <relationship-role-source >
               <ejb-name>Professor</ejb-name>
            </relationship-role-source>
            <cmr-field >
               <cmr-field-name>cursos</cmr-field-name>
               <cmr-field-type>java.util.Collection</cmr-field-type>
            </cmr-field>
         </ejb-relationship-role>

      </ejb-relation>
   </relationships>

   <!-- Assembly Descriptor -->
   <assembly-descriptor >
     <!--
       To add additional assembly descriptor info here, add a file to your
       XDoclet merge directory called assembly-descriptor.xml that contains
       the <assembly-descriptor></assembly-descriptor> markup.
     -->

   <!-- finder permissions -->

   <!-- finder permissions -->

   <!-- finder permissions -->

   <!-- finder permissions -->

   <!-- finder permissions -->

   <!-- transactions -->
   <container-transaction >
      <method >
         <ejb-name>Curso</ejb-name>
         <method-intf>Local</method-intf>
         <method-name>getEstudantes</method-name>
         <method-params>
         </method-params>
      </method>
      <trans-attribute>Supports</trans-attribute>
   </container-transaction>
   <container-transaction >
      <method >
         <ejb-name>Curso</ejb-name>
         <method-intf>Local</method-intf>
         <method-name>getNome</method-name>
         <method-params>
         </method-params>
      </method>
      <trans-attribute>Supports</trans-attribute>
   </container-transaction>
   <container-transaction >
      <method >
         <ejb-name>Curso</ejb-name>
         <method-intf>Local</method-intf>
         <method-name>setEstudantes</method-name>
         <method-params>
            <method-param>java.util.Collection</method-param>
         </method-params>
      </method>
      <trans-attribute>Required</trans-attribute>
   </container-transaction>
   <container-transaction >
      <method >
         <ejb-name>Curso</ejb-name>
         <method-intf>Local</method-intf>
         <method-name>setProfessor</method-name>
         <method-params>
            <method-param>br.com.fiap.ejb.cmp.escola.ProfessorLocal</method-param>
         </method-params>
      </method>
      <trans-attribute>Required</trans-attribute>
   </container-transaction>
   <container-transaction >
      <method >
         <ejb-name>Curso</ejb-name>
         <method-intf>LocalHome</method-intf>
         <method-name>create</method-name>
         <method-params>
            <method-param>java.lang.String</method-param>
            <method-param>br.com.fiap.ejb.cmp.escola.ProfessorLocal</method-param>
         </method-params>
      </method>
      <trans-attribute>Required</trans-attribute>
   </container-transaction>
   <container-transaction >
      <method >
         <ejb-name>Curso</ejb-name>
         <method-intf>Home</method-intf>
         <method-name>create</method-name>
         <method-params>
            <method-param>java.lang.String</method-param>
            <method-param>br.com.fiap.ejb.cmp.escola.ProfessorLocal</method-param>
         </method-params>
      </method>
      <trans-attribute>Required</trans-attribute>
   </container-transaction>
   <container-transaction >
      <method >
         <ejb-name>GerenciadorCurso</ejb-name>
         <method-intf>Remote</method-intf>
         <method-name>cadastrarProfessor</method-name>
         <method-params>
            <method-param>java.lang.String</method-param>
         </method-params>
      </method>
      <trans-attribute>Supports</trans-attribute>
   </container-transaction>
   <container-transaction >
      <method >
         <ejb-name>GerenciadorCurso</ejb-name>
         <method-intf>Remote</method-intf>
         <method-name>cadastrarCurso</method-name>
         <method-params>
            <method-param>java.lang.String</method-param>
            <method-param>java.lang.String</method-param>
         </method-params>
      </method>
      <trans-attribute>Supports</trans-attribute>
   </container-transaction>
   <container-transaction >
      <method >
         <ejb-name>GerenciadorCurso</ejb-name>
         <method-intf>Remote</method-intf>
         <method-name>cadastrarEstudante</method-name>
         <method-params>
            <method-param>java.lang.String</method-param>
            <method-param>java.lang.String</method-param>
         </method-params>
      </method>
      <trans-attribute>Required</trans-attribute>
   </container-transaction>
   <container-transaction >
      <method >
         <ejb-name>GerenciadorCurso</ejb-name>
         <method-intf>Remote</method-intf>
         <method-name>nomeProfessoresDadoAluno</method-name>
         <method-params>
            <method-param>java.lang.String</method-param>
         </method-params>
      </method>
      <trans-attribute>Supports</trans-attribute>
   </container-transaction>
   <container-transaction >
      <method >
         <ejb-name>Produto</ejb-name>
         <method-intf>LocalHome</method-intf>
         <method-name>create</method-name>
         <method-params>
            <method-param>long</method-param>
         </method-params>
      </method>
      <trans-attribute>Required</trans-attribute>
   </container-transaction>
   <container-transaction >
      <method >
         <ejb-name>Produto</ejb-name>
         <method-intf>Home</method-intf>
         <method-name>create</method-name>
         <method-params>
            <method-param>long</method-param>
         </method-params>
      </method>
      <trans-attribute>Required</trans-attribute>
   </container-transaction>
   <container-transaction >
      <method >
         <ejb-name>Produto</ejb-name>
         <method-intf>LocalHome</method-intf>
         <method-name>create</method-name>
         <method-params>
            <method-param>long</method-param>
            <method-param>java.lang.String</method-param>
            <method-param>java.lang.String</method-param>
            <method-param>float</method-param>
         </method-params>
      </method>
      <trans-attribute>Required</trans-attribute>
   </container-transaction>
   <container-transaction >
      <method >
         <ejb-name>Produto</ejb-name>
         <method-intf>Home</method-intf>
         <method-name>create</method-name>
         <method-params>
            <method-param>long</method-param>
            <method-param>java.lang.String</method-param>
            <method-param>java.lang.String</method-param>
            <method-param>float</method-param>
         </method-params>
      </method>
      <trans-attribute>Required</trans-attribute>
   </container-transaction>
   <container-transaction >
      <method >
         <ejb-name>Produto</ejb-name>
         <method-intf>Remote</method-intf>
         <method-name>getId</method-name>
         <method-params>
         </method-params>
      </method>
      <trans-attribute>Supports</trans-attribute>
   </container-transaction>
   <container-transaction >
      <method >
         <ejb-name>Produto</ejb-name>
         <method-intf>Remote</method-intf>
         <method-name>getProdutoValue</method-name>
         <method-params>
         </method-params>
      </method>
      <trans-attribute>Supports</trans-attribute>
   </container-transaction>
   <container-transaction >
      <method >
         <ejb-name>Produto</ejb-name>
         <method-intf>Remote</method-intf>
         <method-name>setProdutoValue</method-name>
         <method-params>
            <method-param>br.com.fiap.ejb.cmp.produto.ProdutoValue</method-param>
         </method-params>
      </method>
      <trans-attribute>Required</trans-attribute>
   </container-transaction>
   <container-transaction >
      <method >
         <ejb-name>Produto</ejb-name>
         <method-intf>Remote</method-intf>
         <method-name>setNome</method-name>
         <method-params>
            <method-param>java.lang.String</method-param>
         </method-params>
      </method>
      <trans-attribute>Required</trans-attribute>
   </container-transaction>
   <container-transaction >
      <method >
         <ejb-name>Produto</ejb-name>
         <method-intf>Remote</method-intf>
         <method-name>getNome</method-name>
         <method-params>
         </method-params>
      </method>
      <trans-attribute>Supports</trans-attribute>
   </container-transaction>
   <container-transaction >
      <method >
         <ejb-name>Produto</ejb-name>
         <method-intf>Remote</method-intf>
         <method-name>setPreco</method-name>
         <method-params>
            <method-param>float</method-param>
         </method-params>
      </method>
      <trans-attribute>Required</trans-attribute>
   </container-transaction>
   <container-transaction >
      <method >
         <ejb-name>Produto</ejb-name>
         <method-intf>Remote</method-intf>
         <method-name>getPreco</method-name>
         <method-params>
         </method-params>
      </method>
      <trans-attribute>Supports</trans-attribute>
   </container-transaction>
   <container-transaction >
      <method >
         <ejb-name>Produto</ejb-name>
         <method-intf>Remote</method-intf>
         <method-name>setDescricao</method-name>
         <method-params>
            <method-param>java.lang.String</method-param>
         </method-params>
      </method>
      <trans-attribute>Required</trans-attribute>
   </container-transaction>
   <container-transaction >
      <method >
         <ejb-name>Produto</ejb-name>
         <method-intf>Remote</method-intf>
         <method-name>getDescricao</method-name>
         <method-params>
         </method-params>
      </method>
      <trans-attribute>Supports</trans-attribute>
   </container-transaction>
   <container-transaction >
      <method >
         <ejb-name>Professor</ejb-name>
         <method-intf>Local</method-intf>
         <method-name>getNome</method-name>
         <method-params>
         </method-params>
      </method>
      <trans-attribute>Supports</trans-attribute>
   </container-transaction>
   <container-transaction >
      <method >
         <ejb-name>Professor</ejb-name>
         <method-intf>Local</method-intf>
         <method-name>setCursos</method-name>
         <method-params>
            <method-param>java.util.Collection</method-param>
         </method-params>
      </method>
      <trans-attribute>Required</trans-attribute>
   </container-transaction>
   <container-transaction >
      <method >
         <ejb-name>Professor</ejb-name>
         <method-intf>LocalHome</method-intf>
         <method-name>create</method-name>
         <method-params>
            <method-param>java.lang.String</method-param>
         </method-params>
      </method>
      <trans-attribute>Required</trans-attribute>
   </container-transaction>
   <container-transaction >
      <method >
         <ejb-name>Professor</ejb-name>
         <method-intf>Home</method-intf>
         <method-name>create</method-name>
         <method-params>
            <method-param>java.lang.String</method-param>
         </method-params>
      </method>
      <trans-attribute>Required</trans-attribute>
   </container-transaction>
   <container-transaction >
      <method >
         <ejb-name>Estudante</ejb-name>
         <method-intf>Local</method-intf>
         <method-name>getCursos</method-name>
         <method-params>
         </method-params>
      </method>
      <trans-attribute>Supports</trans-attribute>
   </container-transaction>
   <container-transaction >
      <method >
         <ejb-name>Estudante</ejb-name>
         <method-intf>Local</method-intf>
         <method-name>getNome</method-name>
         <method-params>
         </method-params>
      </method>
      <trans-attribute>Supports</trans-attribute>
   </container-transaction>
   <container-transaction >
      <method >
         <ejb-name>Estudante</ejb-name>
         <method-intf>Local</method-intf>
         <method-name>setCursos</method-name>
         <method-params>
            <method-param>java.util.Collection</method-param>
         </method-params>
      </method>
      <trans-attribute>Required</trans-attribute>
   </container-transaction>
   <container-transaction >
      <method >
         <ejb-name>Estudante</ejb-name>
         <method-intf>LocalHome</method-intf>
         <method-name>create</method-name>
         <method-params>
            <method-param>java.lang.String</method-param>
         </method-params>
      </method>
      <trans-attribute>Required</trans-attribute>
   </container-transaction>
   <container-transaction >
      <method >
         <ejb-name>Estudante</ejb-name>
         <method-intf>Home</method-intf>
         <method-name>create</method-name>
         <method-params>
            <method-param>java.lang.String</method-param>
         </method-params>
      </method>
      <trans-attribute>Required</trans-attribute>
   </container-transaction>
   <container-transaction >
      <method >
         <ejb-name>Estudante</ejb-name>
         <method-intf>Local</method-intf>
         <method-name>getNomeProfessores</method-name>
         <method-params>
         </method-params>
      </method>
      <trans-attribute>Supports</trans-attribute>
   </container-transaction>

   <!-- finder transactions -->
   </assembly-descriptor>

</ejb-jar>
