<?xml version="1.0" encoding="UTF-8"?>
<!DOCTYPE jboss PUBLIC "-//JBoss//DTD JBOSS 3.2//EN" "http://www.jboss.org/j2ee/dtd/jboss_3_2.dtd">

<jboss>

   <enterprise-beans>

     <!--
       To add beans that you have deployment descriptor info for, add
       a file to your XDoclet merge directory called jboss-beans.xml that contains
       the <session></session>, <entity></entity> and <message-driven></message-driven>
       markup for those beans.
     -->

      <entity>
         <ejb-name>Curso</ejb-name>
         <local-jndi-name>local/Curso</local-jndi-name>
         <configuration-name>Standard CMP 2.x EntityBean</configuration-name>

        <method-attributes>
        </method-attributes>

      </entity>
      <entity>
         <ejb-name>Produto</ejb-name>
         <jndi-name>Produto</jndi-name>
         <configuration-name>Standard CMP 2.x EntityBean</configuration-name>

        <method-attributes>
        </method-attributes>

      </entity>
      <entity>
         <ejb-name>Professor</ejb-name>
         <local-jndi-name>local/Professor</local-jndi-name>
         <configuration-name>Standard CMP 2.x EntityBean</configuration-name>

        <method-attributes>
        </method-attributes>

      </entity>
      <entity>
         <ejb-name>Estudante</ejb-name>
         <local-jndi-name>local/Estudante</local-jndi-name>
         <configuration-name>Standard CMP 2.x EntityBean</configuration-name>

        <method-attributes>
        </method-attributes>

      </entity>

      <session>
         <ejb-name>GerenciadorCurso</ejb-name>
         <jndi-name>GerenciadorCurso</jndi-name>
         <configuration-name>Standard Stateless SessionBean</configuration-name>

        <method-attributes>
        </method-attributes>
      </session>

   </enterprise-beans>

   <resource-managers>
      <resource-manager>
         <res-name>jdbc/DefaultDS</res-name>
         <res-jndi-name>java:/DefaultDS</res-jndi-name>
      </resource-manager>
   </resource-managers>

</jboss>
