<?xml version="1.0" encoding="UTF-8"?>
<ejb-jar id="ejb-jar_ID" version="2.1" xmlns="http://java.sun.com/xml/ns/j2ee" xmlns:xsi="http://www.w3.org/2001/XMLSchema-instance" xsi:schemaLocation="http://java.sun.com/xml/ns/j2ee http://java.sun.com/xml/ns/j2ee/ejb-jar_2_1.xsd">
	<display-name>aula3-ejb2</display-name>
	<enterprise-beans>
        <session>
            <ejb-name>CarrinhoEJB</ejb-name>
            <home>br.com.fiap.ejb2.CarrinhoHome</home>
            <remote>br.com.fiap.ejb2.Carrinho</remote>
            <ejb-class>br.com.fiap.ejb2.CarrinhoBean</ejb-class>
            <session-type>Stateless</session-type>
            <transaction-type>Container</transaction-type>
        </session>
	</enterprise-beans>
</ejb-jar>
